{
  "episode_rewards": [
    -60.80000000000044,
    -61.20000000000049,
    -59.6000000000005,
    -68.00000000000026,
    -62.40000000000055,
    -76.4,
    -63.60000000000053,
    -58.00000000000044,
    -66.4000000000005,
    -56.20000000000048,
    -68.40000000000022,
    -73.20000000000019,
    -68.40000000000029,
    -22.50000000000005,
    -61.600000000000456,
    -42.50000000000028,
    -58.800000000000445,
    -38.90000000000027,
    -39.10000000000034,
    -65.60000000000035,
    -33.0000000000002,
    -75.60000000000004,
    -45.30000000000026,
    -64.40000000000046,
    -40.700000000000344,
    -70.40000000000015,
    -69.20000000000034,
    -59.20000000000047,
    -58.00000000000049,
    -75.60000000000011,
    -52.20000000000044,
    -65.60000000000036,
    -78.79999999999976,
    -70.00000000000024,
    -64.40000000000036,
    -47.30000000000038,
    -65.60000000000039,
    -60.80000000000046,
    -66.00000000000033,
    -45.800000000000374,
    -18.00000000000007,
    -44.1000000000004,
    -17.900000000000112,
    -58.400000000000475,
    -41.10000000000041,
    -75.19999999999982,
    -34.30000000000031,
    -77.59999999999988,
    -67.20000000000024,
    -63.20000000000047,
    -58.800000000000466,
    -67.60000000000025,
    -61.20000000000046,
    -77.9999999999999,
    -64.80000000000047,
    -71.20000000000006,
    -44.20000000000038,
    -74.00000000000016,
    -64.00000000000048,
    -63.60000000000045,
    -68.4000000000002,
    -55.600000000000456,
    -66.80000000000028,
    -65.20000000000041,
    -60.400000000000475,
    -57.600000000000485,
    -66.40000000000029,
    -69.60000000000022,
    -60.80000000000054,
    -74.00000000000011,
    -60.000000000000455,
    -70.80000000000003,
    -25.800000000000075,
    -43.20000000000034,
    -59.600000000000485,
    -63.60000000000051,
    -61.600000000000485,
    -68.00000000000018,
    -23.40000000000012,
    -70.0000000000002,
    -37.90000000000026,
    -65.2000000000004,
    -6.599999999999973,
    -6.899999999999965,
    -76.79999999999997,
    -33.80000000000025,
    -12.100000000000028,
    -58.40000000000049,
    -32.80000000000023,
    -54.80000000000049,
    -63.600000000000485,
    -69.60000000000032,
    -65.60000000000034,
    -66.80000000000024,
    -68.8000000000001,
    -68.40000000000018,
    -68.8000000000002,
    -65.60000000000042,
    -64.80000000000037,
    -72.39999999999992
  ],
  "episode_steps": [
    500,
    500,
    500,
    500,
    500,
    500,
    500,
    500,
    500,
    474,
    500,
    500,
    500,
    213,
    500,
    333,
    500,
    377,
    419,
    500,
    290,
    500,
    329,
    500,
    379,
    500,
    500,
    500,
    500,
    500,
    474,
    500,
    500,
    500,
    500,
    421,
    500,
    500,
    500,
    410,
    180,
    429,
    199,
    500,
    439,
    500,
    371,
    500,
    500,
    500,
    500,
    500,
    500,
    500,
    500,
    500,
    370,
    500,
    500,
    500,
    500,
    444,
    500,
    500,
    500,
    500,
    500,
    500,
    500,
    500,
    500,
    500,
    242,
    400,
    500,
    500,
    500,
    500,
    210,
    500,
    359,
    500,
    122,
    137,
    500,
    290,
    157,
    500,
    328,
    500,
    500,
    500,
    500,
    500,
    500,
    500,
    500,
    500,
    500,
    500
  ],
  "success_count": 27,
  "success_rate": 0.27,
  "avg_reward": -57.744000000000284,
  "avg_steps": 452.96,
  "final_biopsy": {
    "population": {
      "total_neurons": 50,
      "active_neurons": 0,
      "inactive_neurons": 50
    },
    "connectivity": {
      "total_synapses": 375,
      "fluid_synapses": 375,
      "solid_synapses": 0,
      "revoked_synapses": 0
    },
    "weights": {
      "avg": 0.5,
      "max": 0.5
    },
    "time": 0
  },
  "causality": {
    "strong_synapses_count": 0,
    "top_10_strongest": [],
    "patterns": {
      "sensor_to_hidden": 0,
      "hidden_to_hidden": 0
    },
    "causality_candidates": []
  }
}