episode,success,steps,total_reward,final_exploration_rate,avg_cycle_time,max_steps_env
1,False,50,-10.204606949999999,0.8733569716431111,0.0,50
2,False,50,-10.301227522201899,0.7281726102552046,0.0,50
